id;Name;;;Src
1;Black Panther;;;https://www.youtube.com/embed/dxWvtMOGAhw
2;After;;;https://www.youtube.com/embed/95BKJA2QhCc
3;Star wars: Empire strikes back;;;https://www.youtube.com/embed/JNwNXF9Y6kY
4;Justice league Snyder cut;;;https://www.youtube.com/embed/QGnXv7vJkJY
5;Jaws;;;https://www.youtube.com/embed/rqTjkKHh7xM
6;Joker;;;https://www.youtube.com/embed/zAGVQLHvwOY
7;It;;;https://www.youtube.com/embed/_oBZ_zTz0Nw
8;Titanic;;;https://www.youtube.com/embed/ZQ6klONCq4s
9;Harry Potter and the Chamber of Secrets;;;https://www.youtube.com/embed/jBltxS8HfQ4
10;Avatar;;;https://www.youtube.com/embed/6ziBFh3V1aM
11;Butterfly effect;;;https://www.youtube.com/embed/B8_dgqfPXFg
